﻿<?xml version="1.0" encoding="utf-8" standalone="no" ?>
<modDesc descVersion="47">
    <author>EDGE Gaming / Castiga</author>
    <version>3.0.0.0</version>
    <iconFilename>StrawBarn_icon.dds</iconFilename>
    <title>
		<en>Placeable Straw Barn</en>
		<de>Platzierbare Strohscheune</de>
		<fr>Placeable Paille Grange</fr>
        <es>Granero De Paja Colocable</es>
        <ru>Размещаемый Cоломенный Cарай</ru>
        <pl>Stajnia Ze Słomą</pl>
        <it>Granaio Di Paglia Posizionabile</it>
	</title>
	<description>
		<en><![CDATA[Nice and clean barn that works as a selling point for straw, grass, hay & silage. The Building has automatic lighting.
Selling prices for each product will fluctuate and show up on the PDA.

Price: 50.000€
Size: 18 x 23 Meters

-The Buildings supports "Seasons", "Courseplay Six" & "MaizePlus".

-If you find any bugs or got suggestions for improvment, please dont hesitate to contact us on our Github page at https://github.com/FS19-Mods-By-EDGE/
or Contact EDGEPureGaming on facebook.

Note: If you have it placed on your map you need to buy it again or fix it by changing the info in FarmingSimulator2019/savegame§§/items.xml. (§§ = Savegame number)
-from: modName="FS19_StrawBarn_SellingSpot" filename="$moddir$FS19_StrawBarn_SellingSpot/StrawBarn_SellingSpot(_Dark,White).xml"
-to: modName="FS19_StrawBarn_SellingSpot" filename="$moddir$FS19_StrawBarn_SellingSpot/data/StrawBarn_SellingSpot(_Dark,White).xml"

Changelog 1.5.0.0:
- Added L10N functions and name so it's more understandable for all people, this was prevoisly just in english.
- Updated the mod with more languages.
- Created new Decal textures & added shaders to the building.
- Added node for Interactive Zone Markers. (Warningstripes can now be turned on and off).
Changelog 2.0.0.0:
- Updated to support Seasons mod.
- New Names for all Buildings.
Changelog 3.0.0.0:
- Added button for warning stripes, these can now be turned off without using the UI.
- Added support for some mod Filltypes.
- Added support for MaizePlus.
- Made the Building slightly bigger to make it easier with big trailers.
- It's now possible to sell further from the door, for tippers that unload by raising the trailer.]]></en>

		<de><![CDATA[Schöne und saubere Scheune, die als Verkaufsstelle für Stroh, Gras, Heu und Silage dient. Das Gebäude verfügt über eine automatische Beleuchtung.
Die Verkaufspreise für jedes Produkt schwanken und werden auf dem PDA angezeigt.

Preis: 50.000€
Größe: 18 x 23 Meter

-Die Gebäude unterstützen "Seasons", "Courseplay Six" und "MaizePlus".

-Wenn Sie Fehler finden oder Verbesserungsvorschläge haben, zögern Sie bitte nicht, uns auf unserer Github-Seite unter https://github.com/FS19-Mods-By-EDGE/
zu kontaktieren oder EDGEPureGaming auf Facebook zu kontaktieren.

Hinweis: Wenn Sie es auf Ihrer Karte platziert haben, müssen Sie es erneut kaufen oder durch Ändern der Informationen in FarmingSimulator2019/savegame§§/items.xml. (§§ = Savegame-Nummer) reparieren.
-von: modName="FS19_StrawBarn_SellingSpot" filename="$moddir$FS19_StrawBarn_SellingSpot/StrawBarn_SellingSpot(_Dark,White).xml"
-zu: modName="FS19_StrawBarn_SellingSpot" filename="$moddir$FS19_StrawBarn_SellingSpot/data/StrawBarn_SellingSpot(_Dark,White).xml"

Änderungsprotokoll 1.5.0.0:
- Es wurden L10N-Funktionen und -Namen hinzugefügt, damit es für alle verständlicher ist. Dies war bisher nur in Englisch.
- Der Mod wurde mit mehr Sprachen aktualisiert.
- Neue Decal-Texturen erstellt und dem Gebäude Shader hinzugefügt
- Knoten für interaktive Zonenmarkierungen hinzugefügt (Warnstreifen können jetzt ein- und ausgeschaltet werden)
Änderungsprotokoll 2.0.0.0:
- Aktualisiert, um den Seasons-Mod zu unterstützen.
- Neue Namen für alle Gebäude.
Änderungsprotokoll 3.0.0.0:
- Schaltfläche für Warnstreifen hinzugefügt, diese können jetzt ohne Verwendung der Benutzeroberfläche deaktiviert werden.
- Unterstützung für einige Mod-Fülltypen hinzugefügt.
- Unterstützung für MaizePlus hinzugefügt.
- Das Gebäude etwas größer gemacht, um es mit großen Anhängern einfacher zu machen.
- Es ist jetzt möglich, weiter von der Tür zu verkaufen, für Kipper, die durch Anheben des Anhängers entladen werden.]]></de>

		<fr><![CDATA[Belle et propre grange qui fonctionne comme point de vente pour la paille, l'herbe, le foin et l'ensilage. Le bâtiment dispose d'un éclairage automatique.
Les prix de vente pour chaque produit fluctueront et apparaîtront sur le PDA.

Prix: 50.000€
Taille: 18 x 23 Mètres

-Les bâtiments prennent en charge "Seasons", "Courseplay Six" et "MaizePlus".

-Si vous trouvez des bugs ou avez des suggestions d'amélioration, n'hésitez pas à nous contacter sur notre page Github à https://github.com/FS19-Mods-By-EDGE/
ou Contacter EDGEPureGaming sur facebook.

Remarque: Si vous l'avez placé sur votre carte, vous devez l'acheter à nouveau ou le corriger en modifiant les informations dans FarmingSimulator2019/savegame§§/items.xml. (§§ = numéro de sauvegarde)
-de: modName="FS19_StrawBarn_SellingSpot" filename="$moddir$FS19_StrawBarn_SellingSpot/StrawBarn_SellingSpot(_Dark,White).xml"
-à: modName="FS19_StrawBarn_SellingSpot" filename="$moddir$FS19_StrawBarn_SellingSpot/data/StrawBarn_SellingSpot(_Dark,White).xml"

Changer le journal 1.5.0.0:
- Ajout des fonctions et du nom de la L10N pour que ce soit plus compréhensible pour tout le monde, c'était avant tout en anglais.
- Mise à jour du mod avec plus de langues.
- Création de nouvelles textures de décalques et ajout de shaders au bâtiment
- Ajout d’un nœud pour les marqueurs de zone interactifs (les bandes d’avertissement peuvent maintenant être activées et désactivées)
Changer le journal 2.0.0.0:
- Mis à jour pour supporter le mod de saisons.
- Nouveaux noms pour tous les bâtiments.
Changer le journal 3.0.0.0:
- Bouton ajouté pour les bandes d'avertissement, celles-ci peuvent maintenant être désactivées sans utiliser l'interface utilisateur.
- Ajout de la prise en charge de certains mod Filltypes.
- Ajout de la prise en charge de MaizePlus.
- Rendu le bâtiment légèrement plus grand pour le rendre plus facile avec de grandes remorques.
- Il est désormais possible de vendre plus loin de la porte, pour les bennes qui se déchargent en soulevant la remorque.]]></fr>

        <es><![CDATA[Granero bonito y limpio que funciona como un punto de venta de paja, hierba, heno y ensilaje. El edificio cuenta con iluminación automática.
Los precios de venta de cada producto fluctuarán y aparecerán en el PDA.

Precio: 50.000 €
Tamaño: 18 x 23 Metros

-Los edificios son compatibles con "Seasons", "Courseplay Six" y "MaizePlus".

-Si encuentra algún error u obtiene sugerencias de mejora, no dude en contactarnos en nuestra página de Github en https://github.com/FS19-Mods-By-EDGE/
o póngase en contacto con EDGEPureGaming en Facebook.

Nota: Si lo tiene colocado en su mapa, debe comprarlo nuevamente o arreglarlo cambiando la información en FarmingSimulator2019/savegame§§/items.xml. (§§ = número de juego guardado)
-desde: modName="FS19_StrawBarn_SellingSpot" filename="$moddir$FS19_StrawBarn_SellingSpot/StrawBarn_SellingSpot(_Dark,White).xml"
-a: modName="FS19_StrawBarn_SellingSpot" filename="$moddir$FS19_StrawBarn_SellingSpot/data/StrawBarn_SellingSpot(_Dark,White).xml"

Registro de cambios 1.5.0.0:
- Se agregaron las funciones y el nombre de la L10N, por lo que es más comprensible para todas las personas, esto fue antes en inglés.
- Actualizado el mod con más idiomas.
- Se crearon nuevas texturas de calcomanías y se agregaron sombreadores al edificio
- Nodo agregado para marcadores de zona interactivos (ahora las franjas de advertencia se pueden activar y desactivar)
Registro de cambios 2.0.0.0:
- Actualizado para admitir el mod Seasons.
- Nuevos nombres para todos los edificios.
Registro de cambios 3.0.0.0:
- Botón agregado para franjas de advertencia, ahora se pueden desactivar sin usar la interfaz de usuario.
- Se agregó soporte para algunos tipos de relleno mod.
- Se agregó soporte para MaizePlus.
- Hizo que el edificio sea un poco más grande para que sea más fácil con grandes trailers.
- Ahora es posible vender más desde la puerta, para volquetes que se descargan levantando el remolque.]]></es>

        <ru><![CDATA[Хороший и чистый сарай, который служит торговым залом для соломы, травы, сена и силоса. Здание имеет автоматическое освещение.
Продажные цены на каждый товар будут колебаться и отображаться на КПК.

Цена: 50.000 €
Размер: 18 х 23 Mетра

- Постройки поддерживает «Seasons», «Courseplay Six» и «MaizePlus».

-Если вы обнаружите какие-либо ошибки или получите предложения по улучшению, пожалуйста, не стесняйтесь связаться с нами на нашей странице Github по адресу https://github.com/FS19-Mods-By-EDGE/
или связаться с EDGEPureGaming на Facebook.

Примечание. Если он размещен на вашей карте, его необходимо купить снова или исправить, изменив информацию в FarmingSimulator2019/savegame§§/items.xml. (§§ = номер сохраненной игры)
-от: modName="FS19_StrawBarn_SellingSpot" filename="$moddir$FS19_StrawBarn_SellingSpot/StrawBarn_SellingSpot(_Dark,White).xml"
-в: modName="FS19_StrawBarn_SellingSpot" filename="$moddir$FS19_StrawBarn_SellingSpot/data/StrawBarn_SellingSpot(_Dark,White).xml"

Изменения 1.5.0.0:
- Добавлены функции и имя L10N, чтобы оно было более понятным для всех, это было сделано только на английском языке.
- Обновлен мод с большим количеством языков.
- Созданы новые текстуры Decal и добавлены шейдеры в здание.
- Добавлен узел для маркеров интерактивной зоны (теперь можно включать и выключать предупреждающие полосы)
Изменения 2.0.0.0:
- Обновлено для поддержки мод Seasons.
- Новые имена для всех зданий.
История изменений 3.0.0.0:
- Добавлена кнопка для предупреждающих полос, теперь они могут быть отключены без использования пользовательского интерфейса.
- Добавлена поддержка некоторых модов Filltypes.
- Добавлена поддержка MaizePlus.
- Сделано здание немного больше, чтобы было легче с большими трейлерами.
- Теперь возможно продавать дальше от двери, для самосвалов, которые разгружаются, поднимая трейлер.]]></ru>

        <pl><![CDATA[Ładna i czysta stodoła, która służy jako punkt sprzedaży słomy, trawy, siana i kiszonki. Budynek ma automatyczne oświetlenie.
Ceny sprzedaży każdego produktu będą się zmieniać i pojawiać na PDA.

Cena: 50.000 €
Rozmiar: 18 x 23 Metrów

- Budynki obsługują „Seasons”, „Courseplay Six” i „MaizePlus”.

-Jeśli znajdziesz jakieś błędy lub masz sugestie dotyczące ulepszeń, nie wahaj się skontaktować z nami na naszej stronie Github pod adresem https://github.com/FS19-Mods-By-EDGE/
lub Skontaktuj się z EDGEPureGaming na Facebooku.

Uwaga: jeśli umieściłeś go na mapie, musisz go kupić ponownie lub naprawić, zmieniając informacje w FarmingSimulator2019/savegame§§/items.xml. (§§ = numer zapisanej gry)
-od: modName="FS19_StrawBarn_SellingSpot" filename="$moddir$FS19_StrawBarn_SellingSpot/StrawBarn_SellingSpot(_Dark,White).xml"
-do: modName="FS19_StrawBarn_SellingSpot" filename="$moddir$FS19_StrawBarn_SellingSpot/data/StrawBarn_SellingSpot(_Dark,White).xml"

Lista zmian 1.5.0.0:
- Dodano funkcje i nazwę L10N, więc jest to bardziej zrozumiałe dla wszystkich ludzi, było to głównie po angielsku.
- Zaktualizowałem mod z większą liczbą języków.
- Utworzono nowe tekstury naklejek i dodano shadery do budynku
- Dodano węzeł dla interaktywnych znaczników stref (paski ostrzegawcze można teraz włączać i wyłączać)
Lista zmian 2.0.0.0:
- Zaktualizowano w celu obsługi modów Seasons.
- Nowe nazwy dla wszystkich budynków.
Dziennik zmian 3.0.0.0:
- Dodano przycisk pasków ostrzegawczych, które można teraz wyłączyć bez użycia interfejsu użytkownika.
- Dodano wsparcie dla niektórych modów Filltypes.
- Dodano obsługę MaizePlus.
- Zwiększono nieco budynek, aby był łatwiejszy w przypadku dużych przyczep.
- Teraz można sprzedawać dalej od drzwi, za wywrotki, które rozładowują się, podnosząc przyczepę.]]></pl>
        <it><![CDATA[Granaio bello e pulito che funge da punto vendita per paglia, erba, fieno e insilato. L'edificio ha illuminazione automatica.
I prezzi di vendita per ciascun prodotto fluttueranno e compariranno sul PDA.

Prezzo: 50.000 €
Dimensioni: 18 x 23 metri

-Gli edifici supportano "Seasons", "Courseplay Six" e "MaizePlus".

-Se trovi qualche bug o hai suggerimenti per l'improvvisazione, non esitare a contattarci sulla nostra pagina Github all'indirizzo https://github.com/FS19-Mods-By-EDGE/
o Contatta EDGEPureGaming su Facebook.

Nota: se l'hai posizionato sulla tua mappa, devi acquistarlo di nuovo o correggerlo modificando le informazioni in FarmingSimulator2019/savegame§§/items.xml. (§§ = numero savegame)
-a partire dal: modName="FS19_StrawBarn_SellingSpot" filename="$moddir$FS19_StrawBarn_SellingSpot/StrawBarn_SellingSpot(_Dark,White).xml"
-per: modName="FS19_StrawBarn_SellingSpot" filename="$moddir$FS19_StrawBarn_SellingSpot/data/StrawBarn_SellingSpot(_Dark,White).xml"

Elenco modifiche 1.5.0.0:
- Aggiunte funzioni e nome L10N, quindi è più comprensibile per tutte le persone, questo era principalmente in inglese.
- Aggiornato il mod con più lingue.
- Creato nuove trame di decalcomanie e aggiunto shader all'edificio.
- Aggiunto nodo per i marker di zona interattivi. (Ora è possibile attivare e disattivare le strisce di avvertimento).
Log delle modifiche 2.0.0.0:
- Aggiornato per supportare Seasons mod.
- Nuovi nomi per tutti gli edifici.
Log delle modifiche 3.0.0.0:
- Aggiunto il pulsante per le strisce di avvertimento, che ora possono essere disattivate senza usare l'interfaccia utente.
- Aggiunto il supporto per alcuni Filltype mod.
- Aggiunto il supporto per MaizePlus.
- Ha reso l'edificio leggermente più grande per renderlo più facile con i grandi rimorchi.
- Ora è possibile vendere ulteriormente dalla porta, per ribaltabili che si scaricano sollevando il rimorchio.]]></it>
	</description>
    <multiplayer supported="true"/>
    <storeItems>
        <storeItem rootNode="placeable" xmlFilename="data/StrawBarn_SellingSpot.xml"/>
		<storeItem rootNode="placeable" xmlFilename="data/StrawBarn_SellingSpot_Dark.xml"/>
		<storeItem rootNode="placeable" xmlFilename="data/StrawBarn_SellingSpot_White.xml"/>
    </storeItems>
    <l10n>
        <!-- <text name="typeDesc_StrawBarn_SellingSpot" text="for later use"/> -->
        <text name="name_StrawBarn_SellingSpot_White">
            <en>Bailers Barn Deluxe White Edition</en>
            <de>Verkaufsscheune Deluxe Weiß</de>
            <fr>Écope Grange Deluxe Édition blanche</fr>
            <es>Granero Bailer de Lujo Edición Blanca</es>
            <ru>Черпак Cарай Pоскошный Белое Nздание</ru>
            <pl>Stodoła Bailersów Luksusowy Biała Edycja</pl>
            <it>Sessola Fienile Deluxe Bianca Edizione</it>
        </text>
        <text name="name_StrawBarn_SellingSpot">
            <en>Bailers Barn Deluxe</en>
            <de>Verkaufsscheune Deluxe</de>
            <fr>Écope Grange Deluxe</fr>
            <es>Granero Bailer de Lujo</es>
            <ru>Черпак Иарай Pоскошный</ru>
            <pl>Stodoła Bailersów Luksusowy</pl>
            <it>Sessola Fienile Edizione Deluxe</it>
        </text>
        <text name="function_StrawBarn_SellingSpot">
            <en>Nice and clean barn that works as a selling point for straw, grass, hay and silage. The Building is fitted with automatic lighting inside and outside.</en>
            <de>Schöne und saubere Scheune, die als Verkaufsstelle für Stroh, Gras, Heu und Silage dient. Das Gebäude ist innen und außen mit einer automatischen Beleuchtung ausgestattet.</de>
            <fr>Belle et propre grange qui fonctionne comme point de vente pour la paille, l'herbe, le foin et l'ensilage. Le bâtiment est équipé d'un éclairage automatique à l'intérieur et à l'extérieur.</fr>
            <es>Granero bonito y limpio que funciona como un punto de venta de paja, hierba, heno y ensilaje. El edificio está equipado con iluminación automática interior y exterior.</es>
            <ru>Хороший и чистый сарай, который служит торговым залом для соломы, травы, сена и силоса. Здание оснащено автоматическим освещением внутри и снаружи.</ru>
            <pl>Ładna i czysta stodoła, która służy jako punkt sprzedaży słomy, trawy, siana i kiszonki. Budynek jest wyposażony w automatyczne oświetlenie wewnątrz i na zewnątrz.</pl>
            <it>Granaio bello e pulito che funge da punto vendita per paglia, erba, fieno e insilato. L'edificio è dotato di illuminazione automatica all'interno e all'esterno.</it>
        </text>
        <text name="name_StrawBarn_SellingSpot_Dark">
            <en>Bailers Barn Deluxe Black Edition</en>
            <de>Verkaufsscheune Deluxe Schwarz</de>
            <fr>Écope Grange Deluxe Edition Noir</fr>
            <es>Granero Bailer De Lujo Edicion Negra</es>
            <ru>Черпак Cарай Pоскошный Черное Nздание</ru>
            <pl>Stodoła bailersów luksusowy Czarna Edycja</pl>
            <it>Sessola Fienile Deluxe Nero Edizione</it>
        </text>
        <text name="BailersBarnDeluxe">
            <en>EDGE Bailers Barn Deluxe</en>
            <de>EDGE Verkaufsscheune Deluxe</de>
            <fr>EDGE Écope Grange Deluxe</fr>
            <es>EDGE Achicador Granero de Lujo</es>
            <ru>EDGE бейлеры Cарай Делюкс</ru>
            <pl>EDGE Stodoła Bailersów Luksusowy</pl>
            <it>EDGE Fienile Deluxe</it>
        </text>
        <text name="BlackBailersBarn">
            <en>EDGE Black Bailers Barn</en>
            <de>EDGE Verkaufsscheune Schwarz</de>
            <fr>EDGE Écope Grange Noir</fr>
            <es>EDGE Achicador Granero de Lujo Negra</es>
            <ru>EDGE Черный Cарай Cарай Делюкс</ru>
            <pl>EDGE Czarny Stodoła Bailersów</pl>
            <it>EDGE Fienile Nero</it>
        </text>
        <text name="WhiteBailersBarn">
            <en>EDGE White Bailers Barn</en>
            <de>EDGE Verkaufsscheune Weiß</de>
            <fr>EDGE Blanche Écope Grange</fr>
            <es>EDGE Blanca Achicador Granero de Lujo</es>
            <ru>EDGE белый Kотелок Cарай Делюкс</ru>
            <pl>EDGE Biały Stodoła Bailersów</pl>
            <it>EDGE Fienile Bianca</it>
        </text>
        <text name="action_turnOnMarking">
            <en>Show warning Stripes</en>
            <de>Eckmarkierungen einblenden</de>
            <fr>Afficher les rayures d'avertissement</fr>
            <es>Mostrar franjas de advertencia</es>
            <ru>Показать предупреждение полосы</ru>
            <pl>Pokaż paski ostrzegawcze</pl>
            <it>Mostra strisce di avviso</it>
        </text>
        <text name="action_turnOffMarking">
            <en>Hide warning Stripes</en>
            <de>Eckmarkierungen ausblenden</de>
            <fr>Masquer les bandes d'avertissement</fr>
            <es>Ocultar rayas de advertencia</es>
            <ru>Скрыть предупреждение полосы</ru>
            <pl>Ukryj paski ostrzegawcze</pl>
            <it>Nascondi le strisce di avvertimento</it>
        </text>
        <text name="action_turnOnAutoLight">
            <en>Set lights to automatic</en>
            <de>Stellen Sie die Lichter auf automatisch</de>
            <fr>Réglez les lumières sur automatique</fr>
            <es>Establecer luces en automático</es>
            <ru>Установить огни на автоматический</ru>
            <pl>Ustaw światła na automatyczne</pl>
            <it>Impostare le luci su automatico</it>
        </text>
    </l10n>
    <brands>
        <brand name="EDGE" title="EDGE Industries" image="store/EDGE_Brand_Logo.dds"/>
    </brands>
    <credits><![CDATA[
## Contributors
- Castiga, EDGE Gaming
## Translations
- Castiga
## Designers
- Castiga]]></credits>
</modDesc>
