﻿<?xml version="1.0" encoding="utf-8" standalone="no" ?>
<placeable>
    <storeData>
        <name>$l10n_name_StrawBarn_SellingSpot</name>
        <functions>
            <function>$l10n_function_StrawBarn_SellingSpot</function>
        </functions>
        <image>store/Store_StrawBarn.dds</image>
        <price>50000</price>
        <lifetime>1000</lifetime>
        <dailyUpkeep>0</dailyUpkeep>
        <rotation>0</rotation>
        <brand>EDGE</brand>
        <species>placeable</species>
        <category>placeableMisc</category>
    </storeData>
    <placeableType>sellingStation</placeableType>
    <filename>data/StrawBarn_SellingSpot.i3d</filename>
    <placement testSizeX="17.5" testSizeZ="23" sizeX="17.5" sizeZ="23" useRandomYRotation="false" useManualYRotation="true"/>
    <dayNightObjects>
        <dayNightObject node="3|2" visibleDay="false" visibleNight="true" intensityNight="0.6"/>
        <dayNightObject node="3|1|0|0" visibleDay="true" visibleNight="true" intensityDay="0.6" intensityNight="0.6"/>
        <dayNightObject node="3|0|0|0" visibleDay="true" visibleNight="true" intensityDay="0.6" intensityNight="0.6"/>
		<dayNightObject node="3|3|0|0" visibleDay="true" visibleNight="true" intensityDay="0.5" intensityNight="0.6"/>
		<dayNightObject node="3|4|0|0" visibleDay="true" visibleNight="true" intensityDay="0.5" intensityNight="0.6"/>
    </dayNightObjects>
    <animatedObjects>
		<animatedObject saveId="switch_01">
            <animation duration="0.5">
                <part node="4|3|1|0">
					<keyFrame time="0.00" rotation="-50 0 0"/>
                    <keyFrame time="1.0" rotation="90 0 0"/>
				</part>
				<part node="3|0|0|0">
                    <keyFrame time="0.00" visibility="true"/>
                    <keyFrame time="1.0" visibility="false"/>
                </part>
				<part node="3|1|0|0">
                    <keyFrame time="0.00" visibility="true"/>
                    <keyFrame time="1.0" visibility="false"/>
                </part>
				<part node="3|2|0">
                    <keyFrame time="0.00" visibility="true"/>
                    <keyFrame time="1.0" visibility="false"/>
                </part>
				<part node="3|3|0|0">
                    <keyFrame time="0.00" visibility="true"/>
                    <keyFrame time="1.0" visibility="false"/>
                </part>
				<part node="3|4|0|0">
                    <keyFrame time="0.00" visibility="true"/>
                    <keyFrame time="1.0" visibility="false"/>
                </part>
                <part node="3|0|0|1">
                    <keyFrame time="0.00" visibility="false"/>
                    <keyFrame time="1.0" visibility="true"/>
                </part>
                <part node="3|1|0|1">
                    <keyFrame time="0.00" visibility="false"/>
                    <keyFrame time="1.0" visibility="true"/>
                </part>
                <part node="3|2|1">
                    <keyFrame time="0.00" visibility="false"/>
                    <keyFrame time="1.0" visibility="true"/>
                </part>
                <part node="3|3|0|1">
                    <keyFrame time="0.00" visibility="false"/>
                    <keyFrame time="1.0" visibility="true"/>
                </part>
                <part node="3|4|0|1">
                    <keyFrame time="0.00" visibility="false"/>
                    <keyFrame time="1.0" visibility="true"/>
                </part>
                <part node="4|3|1|2|0">
                    <keyFrame time="0.00" visibility="true"/>
                    <keyFrame time="1.0" visibility="false"/>
                </part>
                <part node="4|3|1|1|0">
                    <keyFrame time="0.00" visibility="false"/>
                    <keyFrame time="1.0" visibility="true"/>
                </part>
            </animation>
            <controls triggerNode="4|3|0" posAction="ACTIVATE_HANDTOOL" posText="action_turnOnLight" negText="action_turnOnAutoLight"/>
        </animatedObject>
        <animatedObject saveId="switch_02">
            <animation duration="0.5">
                <part node="4|4|1|0">
                    <keyFrame time="0.00" rotation="90 0 0"/>
                    <keyFrame time="1.0" rotation="-51 0 0"/>
                </part>
                <part node="8">
                    <keyFrame time="0.00" visibility="true"/>
                    <keyFrame time="1.0" visibility="false"/>
                </part>
                <part node="4|4|1|1|0">
                    <keyFrame time="0.00" visibility="true"/>
                    <keyFrame time="1.0" visibility="false"/>
                </part>
                <part node="4|4|1|2|0">
                    <keyFrame time="0.00" visibility="false"/>
                    <keyFrame time="1.0" visibility="true"/>
                </part>
            </animation>
            <controls triggerNode="4|4|0" posAction="ACTIVATE_HANDTOOL" posText="action_turnOffMarking" negText="action_turnOnMarking"/>
        </animatedObject>
    </animatedObjects>
    <clearAreas>
        <clearArea startNode="5|0" widthNode="5|0|0" heightNode="5|0|1"/>
    </clearAreas>
    <leveling requireLeveling="true" maxSmoothDistance="5" maxSlope="30" maxEdgeAngle="20">
        <levelAreas>
            <levelArea startNode="6|0" widthNode="6|0|0" heightNode="6|0|1" groundType="asphalt"/>
        </levelAreas>
    </leveling>
    <seasons>
        <maskAreas>
            <maskArea startNode="6|1|0" widthNode="6|1|0|0" heightNode="6|1|0|1"/>
            <maskArea startNode="6|1|1" widthNode="6|1|1|0" heightNode="6|1|1|1"/>
            <maskArea startNode="6|1|2" widthNode="6|1|2|0" heightNode="6|1|2|1"/>
        </maskAreas>
    </seasons>
    <tipOcclusionUpdateArea sizeX="17.5" sizeZ="23"/>
    <sellingStation stationName="$l10n_BailersBarnDeluxe" appearsOnPDA="true" appearsOnStats="true" storageRadius="0" litersForFullPriceDrop="150000" fullPriceRecoverHours="48" showHotspotText="false">
        <unloadTrigger exactFillRootNode="4|0|0|1" baleTriggerNode="4|0|0|3" sellTriggerNode="4|0|0|2|2" />
        <fillType name="straw"            priceScale="1" supportsGreatDemand="true" disablePriceDrop="false" />
        <fillType name="dryGrass_windrow" priceScale="1" supportsGreatDemand="true" disablePriceDrop="false" />
        <fillType name="grass_windrow"    priceScale="1" supportsGreatDemand="true" disablePriceDrop="false" />
        <fillType name="silage"           priceScale="1" supportsGreatDemand="true" disablePriceDrop="false" />
		<!-- MAIZE Plus -->
		<fillType name="choppedmaize" 	  priceScale="1" supportsGreatDemand="true" disablePriceDrop="false"/>
		<fillType name="choppedmaize_fermented"       priceScale="1" supportsGreatDemand="true" disablePriceDrop="false"/>
        <fillType name="grass_fermented"  priceScale="1" supportsGreatDemand="true" disablePriceDrop="false"/>
        <fillType name="siloGrass"    	  priceScale="1" supportsGreatDemand="true" disablePriceDrop="false"/>
        <fillType name="ccm"              priceScale="1" supportsGreatDemand="true" disablePriceDrop="false"/>
		<fillType name="ccmraw"           priceScale="1" supportsGreatDemand="true" disablePriceDrop="false"/>
		<fillType name="chaffNew"         priceScale="1" supportsGreatDemand="true" disablePriceDrop="false"/>
		<fillType name="silageNew"        priceScale="1" supportsGreatDemand="true" disablePriceDrop="false"/>
		<fillType name="dryClover_windrow" priceScale="1" supportsGreatDemand="true" disablePriceDrop="false"/>
		<fillType name="clover_fermented" priceScale="1" supportsGreatDemand="true" disablePriceDrop="false"/>
		<fillType name="alfalfa_windrow"  priceScale="1" supportsGreatDemand="true" disablePriceDrop="false"/>
		<fillType name="dryAlfalfa_windrow"  priceScale="1" supportsGreatDemand="true" disablePriceDrop="false"/>
		<fillType name="alfalfa_fermented" priceScale="1" supportsGreatDemand="true" disablePriceDrop="false"/>
		<!-- Strawharwest addon -->
		<fillType name="hayPellets"       priceScale="1" supportsGreatDemand="true" disablePriceDrop="false"/>
		<fillType name="strawPellets"     priceScale="1" supportsGreatDemand="true" disablePriceDrop="false"/>
		<fillType name="molasses"         priceScale="0.9" supportsGreatDemand="true" disablePriceDrop="false"/>
		<fillType name="baleNet"          priceScale="0.9" supportsGreatDemand="false" disablePriceDrop="false"/>
		<fillType name="baleTwine"        priceScale="0.9" supportsGreatDemand="false" disablePriceDrop="false"/>
    </sellingStation>
	<triggerMarkers>
        <triggerMarker node="8|0" />
        <triggerMarker node="8|1" />
        <triggerMarker node="8|2" />
        <triggerMarker node="8|3" />
    </triggerMarkers>
</placeable>
